Num_Partitions,Scaling_time
5,343.595
100,242.76333333333332
500,339.0966666666667
1000,505.39166666666665
2000,446.4816666666667
5000,789.25
10000,1230.49
20000,2230.635
40000,4032.233333333333